description,category
DMART PURCHASE,Groceries
DMart grocery bill,Groceries
DMART RETAIL STORE UPI,Groceries
BIGBASKET ORDER 5821,Groceries
BigBasket monthly groceries,Groceries
BLINKIT GROCERY ORDER,Groceries
Blinkit essentials payment,Groceries
ZEPTO DAILY GROCERIES,Groceries
Zepto grocery delivery,Groceries
SWIGGY INSTAMART ORDER,Groceries
JIOMART PURCHASE,Groceries
Reliance Smart grocery bill,Groceries
RELIANCE FRESH PURCHASE,Groceries
SPENCERS SUPERMARKET,Groceries
MORE SUPERMARKET BILL,Groceries
WALMART GROCERY PURCHASE,Groceries
KROGER STORE PAYMENT,Groceries
WHOLE FOODS MARKET,Groceries
TRADER JOES PURCHASE,Groceries
SAFEWAY GROCERY BILL,Groceries
ALDI MARKET PURCHASE,Groceries
TESCO GROCERIES,Groceries
SAINSBURYS SUPERMARKET,Groceries
ASDA GROCERY PAYMENT,Groceries
MORRISONS STORE PURCHASE,Groceries
WAITROSE GROCERIES,Groceries
LOBLAWS MARKET,Groceries
SOBEYS GROCERY PURCHASE,Groceries
WOOLWORTHS GROCERIES,Groceries
COLES SUPERMARKET,Groceries
SWIGGY FOOD ORDER,Food & Dining
ZOMATO RESTAURANT ORDER,Food & Dining
DOMINOS PIZZA PAYMENT,Food & Dining
DOMINO'S ONLINE ORDER,Food & Dining
MCDONALDS RESTAURANT,Food & Dining
KFC FOOD PURCHASE,Food & Dining
PIZZA HUT ORDER,Food & Dining
STARBUCKS COFFEE,Food & Dining
BURGER KING PAYMENT,Food & Dining
WENDYS RESTAURANT,Food & Dining
TACO BELL ORDER,Food & Dining
CHIPOTLE RESTAURANT,Food & Dining
CHICK FIL A PAYMENT,Food & Dining
DUNKIN FOOD ORDER,Food & Dining
PRET A MANGER,Food & Dining
GREGGS FOOD PURCHASE,Food & Dining
PIZZA EXPRESS BILL,Food & Dining
WAGAMAMA RESTAURANT,Food & Dining
TIM HORTONS ORDER,Food & Dining
HARVEYS RESTAURANT,Food & Dining
PIZZA PIZZA ORDER,Food & Dining
SECOND CUP COFFEE,Food & Dining
HUNGRY JACKS PAYMENT,Food & Dining
GRILLD RESTAURANT,Food & Dining
BOOST JUICE PURCHASE,Food & Dining
GUZMAN Y GOMEZ ORDER,Food & Dining
SWIGGY DINNER PAYMENT,Food & Dining
ZOMATO LUNCH ORDER,Food & Dining
STARBUCKS CAFE PAYMENT,Food & Dining
KFC ONLINE FOOD ORDER,Food & Dining
UBER TRIP PAYMENT,Transport
UBER RIDE 83921,Transport
OLA CAB PAYMENT,Transport
OLA RIDE BOOKING,Transport
RAPIDO BIKE RIDE,Transport
RAPIDO CAB PAYMENT,Transport
INDIAN OIL FUEL,Transport
HPCL PETROL PURCHASE,Transport
BHARAT PETROLEUM FUEL,Transport
RELIANCE PETROL STATION,Transport
SHELL FUEL PAYMENT,Transport
EXXON MOBIL FUEL,Transport
CHEVRON GAS STATION,Transport
BP FUEL PURCHASE,Transport
LYFT RIDE PAYMENT,Transport
ESSO FUEL STATION,Transport
NATIONAL EXPRESS TICKET,Transport
STAGECOACH BUS PAYMENT,Transport
PETRO CANADA FUEL,Transport
PRESTO TRANSIT PAYMENT,Transport
AMPOL FUEL PURCHASE,Transport
AMPOL SERVICE STATION,Transport
CALTEX FUEL PAYMENT,Transport
7 ELEVEN FUEL,Transport
UBER AIRPORT RIDE,Transport
OLA OUTSTATION TRIP,Transport
RAPIDO AUTO RIDE,Transport
SHELL SERVICE STATION,Transport
BP PETROL STATION,Transport
LYFT TRIP 5521,Transport
AIRTEL MOBILE BILL,Utilities
AIRTEL POSTPAID PAYMENT,Utilities
JIO RECHARGE,Utilities
JIO FIBER BILL,Utilities
VI MOBILE RECHARGE,Utilities
ACT FIBERNET BILL,Utilities
TATA PLAY SUBSCRIPTION,Utilities
BESCOM ELECTRICITY BILL,Utilities
ADANI ELECTRICITY PAYMENT,Utilities
TATA POWER BILL,Utilities
COMCAST INTERNET BILL,Utilities
VERIZON MOBILE PAYMENT,Utilities
AT&T PHONE BILL,Utilities
T MOBILE BILL PAYMENT,Utilities
SPECTRUM INTERNET PAYMENT,Utilities
XFINITY MONTHLY BILL,Utilities
BT BROADBAND BILL,Utilities
SKY TV PAYMENT,Utilities
VIRGIN MEDIA BILL,Utilities
VODAFONE MOBILE BILL,Utilities
O2 MOBILE PAYMENT,Utilities
EE PHONE BILL,Utilities
ROGERS COMMUNICATIONS BILL,Utilities
TELUS MOBILE PAYMENT,Utilities
SHAW INTERNET BILL,Utilities
FIDO MOBILE BILL,Utilities
TELSTRA INTERNET BILL,Utilities
OPTUS MOBILE PAYMENT,Utilities
TPG TELECOM BILL,Utilities
ORIGIN ENERGY PAYMENT,Utilities
AMAZON INDIA PURCHASE,Shopping
AMAZON ONLINE ORDER,Shopping
FLIPKART PURCHASE,Shopping
MYNTRA FASHION ORDER,Shopping
AJIO ONLINE PURCHASE,Shopping
RELIANCE DIGITAL PAYMENT,Shopping
CROMA ELECTRONICS PURCHASE,Shopping
TATA CLIQ ORDER,Shopping
EBAY ONLINE PURCHASE,Shopping
BEST BUY ELECTRONICS,Shopping
TARGET STORE PURCHASE,Shopping
MACYS SHOPPING PAYMENT,Shopping
NORDSTROM PURCHASE,Shopping
KOHLS STORE BILL,Shopping
COSTCO SHOPPING,Shopping
ARGOS ONLINE ORDER,Shopping
JOHN LEWIS PURCHASE,Shopping
MARKS SPENCER SHOPPING,Shopping
NEXT FASHION PURCHASE,Shopping
CURRYS ELECTRONICS,Shopping
CANADIAN TIRE PURCHASE,Shopping
HUDSONS BAY SHOPPING,Shopping
WINNERS STORE PAYMENT,Shopping
SIMONS PURCHASE,Shopping
KMART SHOPPING,Shopping
BIG W STORE PURCHASE,Shopping
MYER SHOPPING PAYMENT,Shopping
HARVEY NORMAN PURCHASE,Shopping
JB HI FI ORDER,Shopping
AMAZON ELECTRONICS ORDER,Shopping
NETFLIX SUBSCRIPTION,Entertainment
SPOTIFY PREMIUM PAYMENT,Entertainment
YOUTUBE PREMIUM BILL,Entertainment
BOOKMYSHOW MOVIE TICKET,Entertainment
PVR INOX TICKET,Entertainment
SONY LIV SUBSCRIPTION,Entertainment
JIOSAAVN PREMIUM,Entertainment
HOTSTAR SUBSCRIPTION,Entertainment
HULU MONTHLY PAYMENT,Entertainment
DISNEY PLUS SUBSCRIPTION,Entertainment
MAX STREAMING PAYMENT,Entertainment
PARAMOUNT PLUS BILL,Entertainment
PEACOCK SUBSCRIPTION,Entertainment
APPLE TV PLUS PAYMENT,Entertainment
BBC IPLAYER SUBSCRIPTION,Entertainment
ITVX MONTHLY PAYMENT,Entertainment
NOW TV SUBSCRIPTION,Entertainment
SKY CINEMA PAYMENT,Entertainment
CRAVE STREAMING BILL,Entertainment
CBC GEM SUBSCRIPTION,Entertainment
BELL FIBE TV,Entertainment
STAN STREAMING PAYMENT,Entertainment
BINGE SUBSCRIPTION,Entertainment
FOXTEL ENTERTAINMENT,Entertainment
ABC IVIEW PAYMENT,Entertainment
7PLUS SUBSCRIPTION,Entertainment
NETFLIX MONTHLY BILL,Entertainment
SPOTIFY FAMILY PLAN,Entertainment
BOOKMYSHOW EVENT TICKET,Entertainment
PVR CINEMA PAYMENT,Entertainment
APOLLO PHARMACY PURCHASE,Healthcare
APOLLO HOSPITAL PAYMENT,Healthcare
TATA 1MG MEDICINE ORDER,Healthcare
PHARMEASY MEDICINE PURCHASE,Healthcare
NETMEDS PHARMACY ORDER,Healthcare
FORTIS HOSPITAL BILL,Healthcare
MAX HEALTHCARE PAYMENT,Healthcare
MANIPAL HOSPITAL BILL,Healthcare
CVS PHARMACY PURCHASE,Healthcare
WALGREENS PHARMACY,Healthcare
RITE AID PAYMENT,Healthcare
CIGNA HEALTH PREMIUM,Healthcare
KAISER PERMANENTE PAYMENT,Healthcare
MAYO CLINIC BILL,Healthcare
CLEVELAND CLINIC PAYMENT,Healthcare
BOOTS PHARMACY,Healthcare
LLOYDS PHARMACY PURCHASE,Healthcare
SUPERDRUG PAYMENT,Healthcare
NHS HEALTHCARE PAYMENT,Healthcare
SHOPPERS DRUG MART,Healthcare
REXALL PHARMACY,Healthcare
LONDON DRUGS PURCHASE,Healthcare
PHARMASAVE PAYMENT,Healthcare
CHEMIST WAREHOUSE,Healthcare
TERRYWHITE CHEMMART,Healthcare
PRICELINE PHARMACY,Healthcare
AMCAL PHARMACY,Healthcare
APOLLO MEDICINE BILL,Healthcare
NETMEDS ONLINE ORDER,Healthcare
FORTIS MEDICAL PAYMENT,Healthcare
LIC PREMIUM PAYMENT,Insurance
HDFC LIFE PREMIUM,Insurance
ICICI PRUDENTIAL LIFE,Insurance
SBI LIFE PREMIUM,Insurance
MAX LIFE INSURANCE,Insurance
TATA AIA PREMIUM,Insurance
BAJAJ ALLIANZ PAYMENT,Insurance
STAR HEALTH PREMIUM,Insurance
STATE FARM INSURANCE,Insurance
GEICO PREMIUM PAYMENT,Insurance
ALLSTATE INSURANCE,Insurance
PROGRESSIVE INSURANCE,Insurance
LIBERTY MUTUAL PREMIUM,Insurance
FARMERS INSURANCE PAYMENT,Insurance
NATIONWIDE INSURANCE,Insurance
AVIVA PREMIUM,Insurance
ADMIRAL INSURANCE PAYMENT,Insurance
DIRECT LINE PREMIUM,Insurance
LEGAL GENERAL INSURANCE,Insurance
AXA INSURANCE PAYMENT,Insurance
MANULIFE PREMIUM,Insurance
SUN LIFE INSURANCE,Insurance
DESJARDINS INSURANCE,Insurance
INTACT INSURANCE PAYMENT,Insurance
TD INSURANCE PREMIUM,Insurance
QBE INSURANCE,Insurance
IAG INSURANCE PAYMENT,Insurance
SUNCORP PREMIUM,Insurance
AAMI INSURANCE,Insurance
NRMA INSURANCE PAYMENT,Insurance
SBI MUTUAL FUND SIP,Investments
HDFC MUTUAL FUND SIP,Investments
ICICI PRUDENTIAL SIP,Investments
AXIS MUTUAL FUND PAYMENT,Investments
NIPPON INDIA MUTUAL FUND,Investments
ADITYA BIRLA SUN LIFE SIP,Investments
KOTAK MUTUAL FUND,Investments
MIRAE ASSET INVESTMENT,Investments
VANGUARD INVESTMENT,Investments
FIDELITY INVESTMENT,Investments
BLACKROCK INVESTMENT,Investments
CHARLES SCHWAB TRADE,Investments
TD AMERITRADE INVESTMENT,Investments
MORGAN STANLEY INVESTMENT,Investments
JPMORGAN INVESTMENTS,Investments
ETRADE INVESTMENT,Investments
HARGREAVES LANSDOWN,Investments
AJ BELL INVESTMENT,Investments
FIDELITY UK INVESTMENT,Investments
BARCLAYS INVESTMENTS,Investments
INTERACTIVE INVESTOR PAYMENT,Investments
WEALTHSIMPLE INVESTMENT,Investments
QUESTRADE INVESTMENT,Investments
RBC DIRECT INVESTING,Investments
TD DIRECT INVESTING,Investments
BMO INVESTORLINE,Investments
COMMSEC INVESTMENT,Investments
SELFWEALTH INVESTMENT,Investments
STAKE INVESTMENT,Investments
NABTRADE INVESTMENT,Investments
IRCTC TRAIN TICKET,Travel & Booking
MAKEMYTRIP HOTEL BOOKING,Travel & Booking
CLEARTRIP FLIGHT BOOKING,Travel & Booking
EASEMYTRIP TRAVEL PAYMENT,Travel & Booking
AIR INDIA FLIGHT,Travel & Booking
INDIGO AIRLINES TICKET,Travel & Booking
VISTARA FLIGHT PAYMENT,Travel & Booking
AKASA AIR BOOKING,Travel & Booking
DELTA AIR LINES TICKET,Travel & Booking
UNITED AIRLINES BOOKING,Travel & Booking
AMERICAN AIRLINES TICKET,Travel & Booking
SOUTHWEST AIRLINES,Travel & Booking
JETBLUE FLIGHT,Travel & Booking
EXPEDIA HOTEL BOOKING,Travel & Booking
BOOKING.COM HOTEL,Travel & Booking
AIRBNB RESERVATION,Travel & Booking
BRITISH AIRWAYS TICKET,Travel & Booking
EASYJET FLIGHT,Travel & Booking
RYANAIR BOOKING,Travel & Booking
VIRGIN ATLANTIC TICKET,Travel & Booking
TUI TRAVEL PAYMENT,Travel & Booking
TRAINLINE TICKET,Travel & Booking
AIR CANADA FLIGHT,Travel & Booking
WESTJET BOOKING,Travel & Booking
PORTER AIRLINES TICKET,Travel & Booking
VIA RAIL PAYMENT,Travel & Booking
QANTAS FLIGHT,Travel & Booking
VIRGIN AUSTRALIA BOOKING,Travel & Booking
JETSTAR TICKET,Travel & Booking
WEBJET TRAVEL BOOKING,Travel & Booking
SALARY CREDIT,Income
MONTHLY SALARY CREDIT,Income
PAYROLL CREDIT,Income
SALARY NEFT,Income
SALARY IMPS,Income
WAGES CREDIT,Income
WAGE PAYMENT RECEIVED,Income
CLIENT PAYMENT RECEIVED,Income
FREELANCE PAYMENT,Income
FREELANCE INCOME CREDIT,Income
DIRECT DEPOSIT SALARY,Income
PAYCHECK CREDIT,Income
EMPLOYER SALARY,Income
MONTHLY PAYROLL,Income
SALARY TRANSFER,Income
EMPLOYEE SALARY CREDIT,Income
SALARY ACCOUNT CREDIT,Income
OFFICE PAYROLL CREDIT,Income
PROFESSIONAL FEES RECEIVED,Income
CONSULTING PAYMENT RECEIVED,Income
CLIENT TRANSFER CREDIT,Income
PROJECT PAYMENT RECEIVED,Income
CONTRACT PAYMENT CREDIT,Income
BUSINESS INCOME CREDIT,Income
SALARY CREDIT NEFT,Income
PAYROLL NEFT CREDIT,Income
WAGES NEFT,Income
DIRECT DEPOSIT CREDIT,Income
EMPLOYMENT INCOME,Income
MONTHLY WAGE CREDIT,Income
AMAZON REFUND,Refund / Cashback
FLIPKART REFUND,Refund / Cashback
SWIGGY REFUND,Refund / Cashback
ZOMATO REFUND,Refund / Cashback
DOMINOS REFUND,Refund / Cashback
MERCHANT REFUND,Refund / Cashback
REFUND CREDIT,Refund / Cashback
CASHBACK CREDIT,Refund / Cashback
CASH BACK RECEIVED,Refund / Cashback
CHARGEBACK CREDIT,Refund / Cashback
REVERSAL CREDIT,Refund / Cashback
CARD PAYMENT REVERSAL,Refund / Cashback
UPI REFUND,Refund / Cashback
UPI CASHBACK,Refund / Cashback
AMAZON CASHBACK,Refund / Cashback
FLIPKART CASHBACK,Refund / Cashback
SWIGGY CASHBACK,Refund / Cashback
ZOMATO CASHBACK,Refund / Cashback
MERCHANT PAYMENT REFUND,Refund / Cashback
PURCHASE REFUND,Refund / Cashback
ONLINE ORDER REFUND,Refund / Cashback
CARD TRANSACTION REVERSAL,Refund / Cashback
DEBIT REVERSAL,Refund / Cashback
CREDIT REVERSAL,Refund / Cashback
WALLET CASHBACK,Refund / Cashback
BANK CASHBACK CREDIT,Refund / Cashback
PROMOTIONAL CASHBACK,Refund / Cashback
REFUND NEFT CREDIT,Refund / Cashback
REFUND IMPS CREDIT,Refund / Cashback
MERCHANT CHARGEBACK,Refund / Cashback